$\rho$,"CP-SAT
Makespan (s)","HEFT
Makespan (s)","REPLICA
Makespan (s)","EASY
Makespan (s)","REPLICA vs.
HEFT (%)","REPLICA Mean
Utilization","Planner
Calls","Symbolic
Overhead (s)","Total
Overhead (s)"
1.0,229.116,229.11661215399363,229.11661215399363,384.9709597204383,0.0,0.9874668563416256,28.0,8.81863990984857,8.992617633193731
0.9,233.176,235.04442319699592,234.96003235399257,370.5461582236494,0.035904209874666186,0.8992567704673483,26.0,8.17168681602925,8.28448724001646
0.8,270.024,278.08183080005983,270.024400530976,370.5507458106404,2.8975033161649186,0.771766956380501,25.0,7.836666991002858,7.96009482908994
0.7,284.86,305.14845798301394,291.6769815579937,367.14859690956655,4.414728658327389,0.6747744514175549,26.0,8.302410373464227,8.453817402943969
0.6,359.577,366.1882880599878,359.5758385237714,387.06184461357407,1.8057512355865446,0.6347394459595417,28.0,8.782187807373703,8.929216702468693
0.5,364.925,466.5556621699907,366.0553212169907,387.06184461357407,21.540911214229876,0.55817549736254,26.0,8.379697190597653,8.522460885345936
0.4,542.282,545.6453513269553,542.2797640459612,552.3518405720024,0.6168085685710147,0.4345723238471348,26.0,8.09014489222318,8.23306599073112
0.3333333333333333,555.732,555.7293132080231,555.7293132080231,555.7293132080231,0.0,0.37360516929269344,30.0,9.359225649386644,9.531394014135005
